{
  "batch_size": 2.4309060782930088,
  "lr": 0.0007439338877037678,
  "residual_units": 4.586425746497462
}