{
  "batch_size": 2.758323171283344,
  "lr": 0.0008182465689327602,
  "residual_units": 1.6500257863418988
}