{
  "batch_size": 1.2878279250100584,
  "lr": 0.00039741266017415637
}