{
  "batch_size": 2.323360909588362,
  "lr": 0.0008072908029417439,
  "residual_units": 3.464903749468865
}