{
  "batch_size": 2.477517924815076,
  "lr": 0.00036828792551708,
  "lstm": 1.5016102200391557,
  "lstm_number": 3.6649359309965397
}